{
  "arm_means": [
    83.86484559741588,
    24.893753575502306,
    57.530267193797876,
    14.646418910934356,
    65.97837866140739,
    59.96114671655506,
    34.02315720277476,
    18.555759133546566,
    89.06480776842179,
    85.28261858347219,
    43.90944144481423,
    9.175074413501916,
    16.386408473836006,
    45.94832348504464,
    53.85210298337573,
    33.942556881328485,
    41.02055548520463,
    31.888167886718396,
    67.01278707936314,
    61.08580135596005,
    31.868683645490815,
    17.427625323255366,
    9.730073857160262,
    48.870578779284614,
    34.67448473651848,
    80.24891083355729,
    64.01614979839712,
    82.10892335116618,
    2.61297949429043,
    45.1080099765409,
    75.54023059995778,
    40.12469607105597,
    33.55367100171314,
    57.55410452525225,
    5.710178085668961,
    81.02918320205858,
    90.58716590230765,
    39.42373405359462,
    0.6662200811326742,
    68.6413032567701,
    21.082815831278086,
    66.83243429178151,
    90.16928835619362,
    76.99507737425836,
    9.217543225167075,
    11.216173376374686,
    91.40776823049084,
    77.04326944643542,
    33.71274126558105,
    52.94395774006096,
    51.51883731947447,
    34.05305738237291,
    3.668210020739635,
    7.7924324233068125,
    91.15947953498691,
    37.76490236633709,
    79.11214851370076,
    7.452757665188652,
    26.899509673525547,
    4.296289777181079
  ],
  "arm_stds": [
    0.15,
    0.15,
    0.15,
    0.15,
    0.15,
    0.15,
    0.15,
    0.15,
    0.15,
    0.15,
    0.15,
    0.15,
    0.15,
    0.15,
    0.15,
    0.15,
    0.15,
    0.15,
    0.15,
    0.15,
    0.15,
    0.15,
    0.15,
    0.15,
    0.15,
    0.15,
    0.15,
    0.15,
    0.15,
    0.15,
    0.15,
    0.15,
    0.15,
    0.15,
    0.15,
    0.15,
    0.15,
    0.15,
    0.15,
    0.15,
    0.15,
    0.15,
    0.15,
    0.15,
    0.15,
    0.15,
    0.15,
    0.15,
    0.15,
    0.15,
    0.15,
    0.15,
    0.15,
    0.15,
    0.15,
    0.15,
    0.15,
    0.15,
    0.15,
    0.15
  ],
  "config": {
    "arms": 60,
    "collision_rule": "split",
    "epsilon": 0.1,
    "epsilon_decay": 0.05,
    "epsilon_min": 0.01,
    "exploration_bonus": 2.0,
    "exploration_cycles": 10,
    "init_value": 0.5,
    "learner": "epsilon-greedy",
    "mean_high": 100.0,
    "mean_low": 0.5,
    "mean_profile": "uniform",
    "players": 300,
    "randomise_arms": true,
    "reward_distribution": "uniform",
    "reward_means": null,
    "reward_stds": null,
    "seed": 123,
    "std_profile": "constant",
    "std_value": 0.15,
    "strategy_steps": 1000,
    "top_offset": 0.35
  },
  "summary": {
    "best_arm_index": 46.0,
    "best_arm_mean": 91.40776823049084,
    "cumulative_regret_final": 39703343.078258686,
    "efficiency_average": 0.09503417220966451,
    "efficiency_final": 0.0958483391473764,
    "exploration_steps": 600.0,
    "late_regret_rate": 24807.079225120582,
    "mean_regret_average": 66157.8297262612,
    "mean_regret_final": 132344.47692752886,
    "mean_reward_average": 8.686246151307616,
    "mean_reward_final": 8.746887202776126,
    "occupancy_variance_average": 20.221395833333332,
    "occupancy_variance_final": 17.3,
    "oracle_mean_expected": 91.40776823049084,
    "player_reward_variance_average": 24.099362311133003,
    "player_reward_variance_final": 7.382038316158238,
    "rho": 5.0,
    "strategy_steps": 1000.0,
    "system_reward_average": 2605.8738453922847,
    "system_reward_final": 2624.066160832838,
    "worst_arm_index": 38.0,
    "worst_arm_mean": 0.6662200811326742
  }
}